sentiment,text,user
"positive","RT @pythontrending: d6tflow - Python library for building highly effective data science workflows https://t.co/1UUe9wCl0P","frankwwu"
"neutral","RT @AnsonMcCade: Radical Change Is Coming To Data Science Jobs\n\nvia @ansonmccade https://t.co/VeKYUQETpx #technology #TechNews #DataScienceâ€¦","SprintbaseB"
"positive","RT @DataScienceLCDS: On 5 March, we organize the symposium 'Fairness and Transparency, towards responsible data science' in collaboration wâ€¦","michellevanmin"
"neutral","RT @SAMBa_CDT: Visiting @ndagovMN today in #Ulaanbaatar to talk about developing policy, building on data science. #AirPollution #Health #Eâ€¦","num_edu"
"positive","So you got a shiny new 3d printer for your classroom.  Now, what do you do with it beyond making plastic trinkets?â€¦ https://t.co/ad39D3LN86","ASDS_Science"
"neutral","A Primer on Causality in Data Science https://t.co/XknShzR2Sc","kaz_yos"
"neutral","RT @AnsonMcCade: Radical Change Is Coming To Data Science Jobs\n\nvia @ansonmccade https://t.co/VeKYUQETpx #technology #TechNews #DataScienceâ€¦","SantchiWeb"
"neutral","RT @AnsonMcCade: Radical Change Is Coming To Data Science Jobs\n\nvia @ansonmccade https://t.co/VeKYUQETpx #technology #TechNews #DataScienceâ€¦","IAFan3"
"neutral","RT @vCloud_Storage: RT @AnsonMcCade: Radical Change Is Coming To Data Science Jobs\n\nvia @ansonmccade https://t.co/ujlsrW2RWv #technology #Tâ€¦","SantchiWeb"
"neutral","RT @heidima825: Interview team for current phase of Carolyn @gibbonresearch and my #phdlife data collection. Training #Hainan University unâ€¦","CABLabRHUL"
"neutral","RT @AnsonMcCade: Radical Change Is Coming To Data Science Jobs\n\nvia @ansonmccade https://t.co/ujlsrW2RWvâ€¦ https://t.co/ZWwzsrZtjG","vCloud_Storage"
"neutral","@VladGubernat @zoeharcombe @malcolmken @DrAseemMalhotra So Calman is now in the employ of big pharma? Prof Sir Roryâ€¦ https://t.co/LQJPNpvkI4","orangebobevil"
"neutral","Something to ponder for professionals and \"professionals\" alike in the field of #datascience and #analytics.\n\nhttps://t.co/HnuhlYQ6Qm","Nephentur"
"positive","Disrupt the status quo through new digital technology, from data science to #NeuralMachineTranslation and sophisticâ€¦ https://t.co/8xhDufE84I","AMPLEXOR"
"positive","RT @marcusborba: Honored to be ranked in the Data Science: Top 100 Influencers, Brands and Publications, with such great people: @KirkDBornâ€¦","marcusfborba"
"positive","RT @JBiomech: New considerations for collecting biomechanical data using wearable sensors: Number of level runs to define a stable runningâ€¦","A_S_B_M_B"
"positive","RT @patrickedunne: One way of combating this issue is for more maths and data science scholarships for girls and women. For Africa @ESSA_Afâ€¦","Ruth999"
"neutral","Here's How Google Trains World-Class Managers (Using A Bit of Data Science Helps) https://t.co/F6qsaN987P","AlphaGirlZone"
"neutral","Convolutional Neural Networks In Python: Master Data Science And Machine Le  https://t.co/H0zrHK4dv3 #machine #learning #python #pythonbot_","pythonbot_"
"neutral","RT @JBiomech: Recommendation for the minimum number of steps to analyze when performing the uncontrolled manifold analysis on walking dataâ€¦","A_S_B_M_B"
"positive","RT @jamesrbuk: Brilliant Decca Aitkenhead profile of @CCriadoPerez ahead of her book on how science and research is erasing women â€“ and byâ€¦","lizhon70"
"positive","RT @chi2innovations: New #Book: Automated #DataScience and #ArtificialGeneralIntelligence https://t.co/YTR5cmId2R\nvia @datasciencecntrl #abâ€¦","eelrekab"
"neutral","RT @IBMDataScience: Q: Whatâ€™s the business impact of deploying IBM SPSS Modeler for data science and machine learning projects?\nA: Some preâ€¦","ArkangelScrap"
"positive","RT @NileshOak: Impeccable evidence based on 1000+ empirical data points from 12+ disciplines of hard science.\n\nExpect silence, digressive tâ€¦","Mayank_Mishra12"
"neutral","Data science, et si l'innovation passait par la compÃ©tition en interne ? : https://t.co/PiNPzGRMkv v/ @LesEchosâ€¦ https://t.co/3ZpEdbBGMs","EMB_Europe"
"positive","We're excited to announce the launch of our #AppliedIntelligence Platform, designed to help clients use AI withoutâ€¦ https://t.co/3XF6EbPXEa","AccentureGR"
"neutral","#DataScience Approach to Reducing #Employee #Attrition https://t.co/91w1Bz0OWO","CustmrCom"
"positive","RT @KirkDBorne: New #DataScience 10-page (PDF) Cheat Sheet covers basic concepts in probability, #statistics, statistical learning, #Machinâ€¦","nyike"
"neutral","Q: Whatâ€™s the business impact of deploying IBM SPSS Modeler for data science and machine learning projects?\nA: Someâ€¦ https://t.co/n9NQseUpbj","IBMDataScience"
"neutral","Q: Whatâ€™s the business impact of deploying IBM SPSS Modeler for data science and machine learning projects?\nA: Someâ€¦ https://t.co/7YKO0RjiGB","IBMBizAnalytics"
"positive","RT @NileshOak: Impeccable evidence based on 1000+ empirical data points from 12+ disciplines of hard science.\n\nExpect silence, digressive tâ€¦","def0S"
"neutral","@MLBinWA @SteveSGoddard @SylviaD32911201 @PolAnimalAus @GAWHeckman @flyonthewall182 @sueytonius @jk76022â€¦ https://t.co/ijO9CDk8SJ","david_hanselman"
"neutral","RT @SungrazerComets: BTW, please note that any movie/data/science I tweet is 100% public domain, without exception. I never post data thatâ€¦","hightide2038"
"positive","RT @NileshOak: Impeccable evidence based on 1000+ empirical data points from 12+ disciplines of hard science.\n\nExpect silence, digressive tâ€¦","NileshOak"
"neutral","Radical Change Is Coming To Data Science Jobs\n\nvia @ansonmccade https://t.co/VeKYUQETpx #technology #TechNewsâ€¦ https://t.co/0lXQv1M5vD","AnsonMcCade"
"positive","RT @BStarzomski: A demonstration of the power of citizen science and @inaturalist in particular. Mobilizing a huge group of eyes to observeâ€¦","RitzenResearch"
"neutral","Data Science is just: cats nu ices jade its.","datasciencejust"
"neutral","@EngagingThe (1/3) Hynek, letter published in SCIENCE magazine, Oct. 21,1966: \"I cannot dismiss the UFO phenomenonâ€¦ https://t.co/WfwY1esc2V","ddeanjohnson"
"neutral","RT @AI_devr: Data Science: Practical Deep Learning in Theano + TensorFlow\n\nâ˜ https://t.co/fFT5tK1XJL\n\n#DeepLearning #TensorFlow https://t.câ€¦","pswider"
"positive","RT @RPuettner: Data Science is not a single discipline, but a craft at the intersection of many - Deconstructing Data Science. Link &gt;&gt; httpâ€¦","ArkangelScrap"
"neutral","Data Science: Practical Deep Learning in Theano + TensorFlow\n\nâ˜ https://t.co/lYmRnIN8ma\n\n#DeepLearning #TensorFlow https://t.co/pk2kIyRdaG","AiGame_dev"
"neutral","RT @AI_devr: Data Science: Practical Deep Learning in Theano + TensorFlow\n\nâ˜ https://t.co/fFT5tK1XJL\n\n#DeepLearning #TensorFlow https://t.câ€¦","GamerGeekNews"
"neutral","Data Science: Practical Deep Learning in Theano + TensorFlow\n\nâ˜ https://t.co/fFT5tK1XJL\n\n#DeepLearning #TensorFlow https://t.co/byDJqW8yOj","AI_devr"
"neutral","From Deep Learning To Data Science https://t.co/ZVVJc2QAOS #DeepLearning #DataScience #learning https://t.co/Ib2xszpE3T","iulian_neagoe"
"positive","Data Science is not a single discipline, but a craft at the intersection of many - Deconstructing Data Science. Linâ€¦ https://t.co/UZbH6PhjzX","RPuettner"
"neutral","Data Science Platform Market Trends and Global Outlook, 2016-2024 - The â€œData Science Platform Mar https://t.co/rn39GLV65W #data-science","into_AI"
"positive","NGC2070 the Tarantula in Hydrogen Alpha light. Only 1 hour of data so far but I think a few more and this could beâ€¦ https://t.co/Lyl3t3A9kQ","shaunfletchernz"
"neutral","Data Science: Practical Deep Learning in Theano + TensorFlow\n\nâ˜ https://t.co/xieqEOpBJw\n\n#DeepLearning #TensorFlow https://t.co/ErGzeIZNIO","AiBlessing"
"neutral","Kakahanap ko ng experiment sa science naubos data ko bwisetğŸ™„","maeegarcia"
"neutral","@AOC This is called \"ad hominem.\" @nypost attacks AOC instead of addressing the actual issue: climate change scienâ€¦ https://t.co/rxriDkQul6","JAWeingarten"
"positive","RT @datagulf1: Effective Data Science Presentations https://t.co/sb3NGuATzH @datamovesher #datascience #commiunication #skills #webinar","Pardoe_AI"
"positive","RT @shlywshngtn: I posted on LinkedIn looking for a data science mentor and never heard from anyone. Can anyone think of a better resourceâ€¦","ioctaptceb"
"positive","RT @mdr: My colleague Christof Monz @c_monz is looking for a PhD student to work on NLP for Responsible Data Science in his team. This is aâ€¦","Bartvoorn"
"positive","RT @schradie: Platforms matter, find @eszter @tofu89 @mss7676,, in how \"Young Adults Engage With Science and Research on Social Media\" So iâ€¦","ShuhanChen5"
"neutral","RT @monipose: @ingritakta1 @MakeloMoreno @marisa_dorado98 @Mario_Cambiemos Vamos!! Si se puede! La edad es un numero en un papel. No hay quâ€¦","albypgls"
"neutral","RT @alosefer: ØµØ¨Ø§Ø­ Ø§Ù„Ø®ÙŠØ± Ù…Ù† Ø¹Ù…Ø§Ù† Ø§Ù„Ø®ÙŠØ±ğŸ‡´ğŸ‡²â¤ï¸\n#Ù†ØµÙŠØ­Ø© Ø­Ø§ÙˆÙ„ Ø¨ÙƒÙ„ ØµØ¨Ø§Ø­ Ù‚Ø±Ø§Ø¡Ø© Ø£ÙŠ Ù…Ù‚Ø§Ù„Ø© Ø¬Ø¯ÙŠØ¯Ø©. Ø§Ù„Ø¹Ø§Ù„Ù… ÙŠØªØºÙŠØ± Ø¨Ø³Ø±Ø¹Ø© ØªÙ‚Ù†ÙŠØ§Ù‹ ÙˆØ§Ù„Ø¥Ø·Ù„Ø§Ø¹ Ø§Ù„ÙŠÙˆÙ…ÙŠ Ù…Ù‡Ù…ØŒ Ø£Ù‡Ù… Ø§Ù„â€¦","Abdullahateeq"
"neutral","@Thought4rce @Captbobdad @afrommi @Mark_A_Lunn @Climatearticles @MrGQ37 @Chino780 @brandondaly2018 @RiffSkjervenâ€¦ https://t.co/xGUiX4Z5Gr","DawnTJ90"
"positive","Damage to harvests has been particularly severe around the UK in the North and Irish seas, the data shows, where thâ€¦ https://t.co/PT4IoPYdXy","Science_Hooker"
"positive","Unbreaking America: A NEW Short Film about Solving the Corruption Crisis https://t.co/FJQmI3wfjU via @YouTube\n\nCombâ€¦ https://t.co/lqr28s3MYL","_DrMG_"
"positive","RT @BIOINTERACTIVE: Celebrate #WorldWildlifeDay with our free BiomeViewer app! This app incorporates data from the @IUCNRedList of endangerâ€¦","MrsO_Science"
"neutral","Flatlogic Dashboards â€“ Dashboards, Web Apps and Admin Interfaces for Data Science, Management and Visualizationsâ€¦ https://t.co/OEGOiaDjj1","newscloud_io"
"neutral","RT @andres_oliva: Women in Data Science, WIDS y DesafÃ­o App invitan a chicas de 15 a 18 aÃ±os a Jugar con Big Data. \n\nLa fecha es el 12 de mâ€¦","BigattiJulian"
"neutral","#JobOpening:\n#Franklin_County_Technical_School \n#ANIMAL/VETERINARY_SCIENCE_INSTRUCTOR \n#Turners Falls #MAâ€¦ https://t.co/NVIZYO2Wrv","TJN_Jobs"
"positive","RT @KirkDBorne: New #DataScience 10-page (PDF) Cheat Sheet covers basic concepts in probability, #statistics, statistical learning, #Machinâ€¦","WideNews24X7"
"neutral","Flatlogic Dashboards â€“ Dashboards, Web Apps and Admin Interfaces for Data Science, Management and Visualizations https://t.co/iMY0SnibeD","StartupPosts"
"negative","RT @nigewillson: The #CitizenDataScientist ! \nAccenture Launches Applied Intelligence Platform to Help Clients Use        Artificial Intellâ€¦","SmythEkin"
"neutral","97,000 analytics and data science positions vacant in India: Study https://t.co/Hjn3oGp8LM","ShriPatel014"
"negative","Is SQL Really A Game Changer For Data Science Careers? https://t.co/81E76wBD6p","hsianghui"
"positive","RT @andi_staub: #WeekendRead\n\nWho Will Own the Data That is YOU?\n\n#economics #AI #BigData #fintech #policymaking #Science @psb_dc @jblefevrâ€¦","Procurement2030"
"positive","RT @triadsou: Empirical Bayes matrix completion. Matsuda, Komaki. Computational Statistics &amp; Data Analysis. https://t.co/pKcK5QQM1M","dizzy_my_future"
"positive","RT @jamesrbuk: Brilliant Decca Aitkenhead profile of @CCriadoPerez ahead of her book on how science and research is erasing women â€“ and byâ€¦","Zehra_Zaidi"
"neutral","RT @AlexTWebb: â€œEveryone in this room probably exists in our server. We have a copy of your brain and know what notifications and systems yâ€¦","BillNigh"
"neutral","RT @alosefer: ØµØ¨Ø§Ø­ Ø§Ù„Ø®ÙŠØ± Ù…Ù† Ø¹Ù…Ø§Ù† Ø§Ù„Ø®ÙŠØ±ğŸ‡´ğŸ‡²â¤ï¸\n#Ù†ØµÙŠØ­Ø© Ø­Ø§ÙˆÙ„ Ø¨ÙƒÙ„ ØµØ¨Ø§Ø­ Ù‚Ø±Ø§Ø¡Ø© Ø£ÙŠ Ù…Ù‚Ø§Ù„Ø© Ø¬Ø¯ÙŠØ¯Ø©. Ø§Ù„Ø¹Ø§Ù„Ù… ÙŠØªØºÙŠØ± Ø¨Ø³Ø±Ø¹Ø© ØªÙ‚Ù†ÙŠØ§Ù‹ ÙˆØ§Ù„Ø¥Ø·Ù„Ø§Ø¹ Ø§Ù„ÙŠÙˆÙ…ÙŠ Ù…Ù‡Ù…ØŒ Ø£Ù‡Ù… Ø§Ù„â€¦","RenadAljarbou"
"neutral","RT @alosefer: ØµØ¨Ø§Ø­ Ø§Ù„Ø®ÙŠØ± Ù…Ù† Ø¹Ù…Ø§Ù† Ø§Ù„Ø®ÙŠØ±ğŸ‡´ğŸ‡²â¤ï¸\n#Ù†ØµÙŠØ­Ø© Ø­Ø§ÙˆÙ„ Ø¨ÙƒÙ„ ØµØ¨Ø§Ø­ Ù‚Ø±Ø§Ø¡Ø© Ø£ÙŠ Ù…Ù‚Ø§Ù„Ø© Ø¬Ø¯ÙŠØ¯Ø©. Ø§Ù„Ø¹Ø§Ù„Ù… ÙŠØªØºÙŠØ± Ø¨Ø³Ø±Ø¹Ø© ØªÙ‚Ù†ÙŠØ§Ù‹ ÙˆØ§Ù„Ø¥Ø·Ù„Ø§Ø¹ Ø§Ù„ÙŠÙˆÙ…ÙŠ Ù…Ù‡Ù…ØŒ Ø£Ù‡Ù… Ø§Ù„â€¦","meshal1401MU"
"positive","RT @Stanford: We'll be live streaming @WiDS_Conference beginning at 9 a.m. PT on March 4. Ready for data science now? Tune in to the #Womenâ€¦","Martinacuna1965"
"neutral","Rendezvous Architecture for Data Science in Production https://t.co/Hq8fMkgj4m","gkarapalidis"
"neutral","After months of research Iâ€™ve scientifically determined the racial hiearchy of the human research. The data indicatâ€¦ https://t.co/f8N8hp6GUl","JimmyWoulms"
"neutral","Episode 28: Jennifer Roberts - Data Science Superhero 3 Geeks and a Law Blog https://t.co/t9RjWEQ0AR","stacyhailey"
"positive","RT @Ronald_vanLoon: 80+ Free #DataScience Books\n by @DataScienceCtrl | \n\nhttps://t.co/hp1pE7EYbr \n\n#Data #AI #ArtificialIntelligence #Analyâ€¦","rRogick"
"neutral","Rendezvous Architecture for Data Science in Production https://t.co/DajjEonhN2 https://t.co/j1eagLjgxn","webAnalyste"
"neutral","Data science is different now\n\nhttps://t.co/p0oB7E4Tu6","ArtofWarm"
"positive","RT @howardtayler: It may come as a surprise to some of you to learn that I'm very conservative. But I'm not a *political* conservative. \n\nIâ€¦","Art_No_Rules"
"positive","RT @gp_pulipaka: 18 Free Online Books to Learn R and Data Science. #BigData #Analytics #DataScience #AI #MachineLearning #IoT #IIoT #PyTorcâ€¦","KalixOrtega"
"neutral","Marketing #Science #Expert (Singapore based, Japanese speaking) needed in #TokyoJapan at #FacebookCareers. Apply noâ€¦ https://t.co/9BA5nveaFg","jaychakrabort18"
"positive","RT @PRandP_Journal: The decision of whether or not to publish #nullresults is controversial, but it shouldnâ€™t be. Publishing null findingsâ€¦","BritPharmSoc"
"positive","FEATURED #COURSES:\n\nComplete Data Science Bootcamp\nBest Selling Course:33538 students enrolled\nComplete Data Sciencâ€¦ https://t.co/FdIEsUMTqy","byLilyV"
"positive","RT @KirkDBorne: New #DataScience 10-page (PDF) Cheat Sheet covers basic concepts in probability, #statistics, statistical learning, #Machinâ€¦","hacanoca"
"positive","RT @NileshOak: Impeccable evidence based on 1000+ empirical data points from 12+ disciplines of hard science.\n\nExpect silence, digressive tâ€¦","Ice44880593"
"neutral","@bitxt pasti ngambil data science huhuhu","elusivebook"
"positive","RT @byLilyV: FEATURED #COURSES:\n\nData Science Training with #Python for Data Analysis Editor's Choice\nComplete Guide to Practical Data Scieâ€¦","colourspeak"
"neutral","I am starting to prepare my talk for the 2019 Presidential Invited Address  @ENAR_ibs, @harvard_data  and I came acâ€¦ https://t.co/SRYg8yFsuA","francescadomin8"
"positive","The day AI outsmarts all the peer mammal DNA men woman &amp; children of earth, old spy data of my writing reference. Iâ€¦ https://t.co/Q82H2d97Ux","TimDYoungBSMPA5"
"negative","Data and Mental Health : The OSMI Surveyâ€Šâ€”â€ŠPart 2 #mentalhealth https://t.co/VSB7d7TBc6 https://t.co/47Jfz8EsuW","OSMIhelp"
"positive","Effective Data Science Presentations https://t.co/sb3NGuATzH @datamovesher #datascience #commiunication #skills #webinar","datagulf1"
"positive","RT @cogniata1: Gartner Magic Quadrant for Data Science and Machine Learning Platforms - 2019 #KNIME #RapidMiner #TIBCO #SAS https://t.co/msâ€¦","PuglielliG"
"positive","#NASAâ€™s Juno mission to the gas giant #Jupiter has provided data that could rewrite much of planetary science - Theâ€¦ https://t.co/7oPatHQI3a","Faaz71"
"neutral","RT @cogniata1: Priority Matrix for Data Science and Machine Learning 2018 #Gartner #DataScience #MachineLearning https://t.co/9koTrmkHvO","PuglielliG"
"positive","FEATURED #COURSES:\n\nData Science Training with #Python for Data Analysis Editor's Choice\nComplete Guide to Practicaâ€¦ https://t.co/nr4PuBsxpq","byLilyV"
"neutral","RT @SamueL_WonG_: Why Data Visualization Is Equal Parts Data Art And Data Science https://t.co/RiIND7JiRt","bilscanlon"
"positive","RT @KirkDBorne: New #DataScience 10-page (PDF) Cheat Sheet covers basic concepts in probability, #statistics, statistical learning, #Machinâ€¦","Darth_Vader005"